# 김상형의 SQL 정복
#
# 20240219_0002.md

# 예제파일
http://www.soen.kr



## 1장 데이터베이스

### SAM(Sequential Access Method) 
- 순차 검색만 가능하다.

### ISAM(Indexed SAM)
- 인덱스가 있어 이분 검색(Binary Search)이 가능하다.

### p 43)
```
VARCHAR 는 앞에 데이터의 길이정보(실제 size) 정보가 있고,
CHAR 는 길이정보(실제 size)가 없다.
```

## 2장 오라클

### DDL(Data Definition Language)
### DML(Data Manipulation Language)
### DCL(Data Control Language)

|종류|설명|
|:---|:---|
|DDL|CREATE, DROP, ALTER<br> DB 오브젝트 관리|
|DML|SELECT, INSERT, DELETE, UPDATE<br> DB 조회/변경|
|DCL|GRANT, DENY, REVOKE<br> DB 사용자 관리|


## 3장 SQL Server 와 MariaDB

### 3-3 MariaDB
```
p 95)
설치시 한글 사용을 위해 "Use UTF-8..." 옵션을 선택한다.
```


```
D:\test_db-master>mysql -ustudyemp employees -p
...
MariaDB [employees]>
MariaDB [employees]>
MariaDB [employees]> SELECT version();
+-----------------+
| version()       |
+-----------------+
| 10.6.16-MariaDB |
+-----------------+
1 row in set (0.000 sec)

MariaDB [employees]>
MariaDB [employees]>
MariaDB [employees]> show tables;
+----------------------+
| Tables_in_employees  |
+----------------------+
| current_dept_emp     |
| departments          |
| dept_emp             |
| dept_emp_latest_date |
| dept_manager         |
| employees            |
| salaries             |
| titles               |
+----------------------+
8 rows in set (0.001 sec)

MariaDB [employees]>
```

### 책에서는 study 데이터베이스를 만들고, 테이블을 만들지만, 
### 생성한 employees 데이터베이스에 테이블을 만든다.




## 4장 SELECT

### 별명

```오라클 : 별명에 큰 따옴표만 쓸 수 있다.
MariaDB : 작은 따옴표, 큰 따옴표로 별명을 감싼다.
```

### NULL 비교
NULL 은 값이 아니라, 상태이기 때문에 = 연산자로는 비교할 수 없다.
어떤 값이든 NULL 이라는 특수한 상태와 비교하면, 결과는 항상 거짓이다.

필드는 값이고 NULL 은 상태이다.
무슨 값인지도 모르는 상태와 특정값을 비교한다는 것 자체가 이미 수학적인 모순이다.
그래서, NULL 상태와 비교하는 IS NULL 연산자를 따로 제공한다.



```
-- p 121)
-- 복합조건의 역을 취할 때는, 앞에 NOT 연산자를 붙이는 것이 간편하고 확실하다.

SELECT 
	a.* 
FROM 
	departments a 
WHERE 
	NOT ( (a.dept_no = 'd007') OR (a.dept_no = 'd008') ) ;
```


### 5. BETWEEN 

```
... BETWEEN '가' AND '사' ;
... BETWEEN '20150101' AND '20180101' ;
```

### 5. IN 

```
... IN ( '경상', '전라' ) ;
... NOT IN ( '경상', '전라' ) ;
```


### LIMIT

```
SELECT ... LIMIT [건너뛸 개수], 총개수
```










## 5장 데이터 집계

### 5-1 집계함수(Aggregate Function)

#### 1. count

#### 2. 합계와 평균

```
SUM()
AVG()
MIN()
MAX()
```

#### 3. 집계함수와 NULL
```
NULL 은 값을 알 수 없는 특수한 상태이다.
그래서, 모든 집계 함수는 NULL 을 무시하고 통계를 계산한다.
단, 예외적으로 레코드 개수를 세는 COUNT(*) 는 NULL 도 포함한다.
어쨌거나 NULL 도 레코드 자체는 존재하기 때문이다.
COUNT 도 인수로 필드를 지정하면 이때는 NULL 을 세지 않는다.

-- NULL 무시가 어떤 효과를 발휘하는지 확인
SELECT AVG(salary) FROM tStaff ;
SELECT SUM(salary)/COUNT(*) FROM tStaff ;

SELECT AVG(score) FROM tStaff ;
SELECT SUM(score)/COUNT(*) FROM tStaff ;

NULL 은 값이 아니므로 평균에서 제외하는 것이 이치에 맞다.
시험에 결석한 학생의 성적은 0점 처리하더라도, 반평균에 이 학생의 성적을 반영해서는 안된다.
성적의 평균은 총점을 학생수로 나누는 것이 아니라, 응시자 수로 나누어야 정확하다.
0과 다른 특수한 상태인 NULL 까지 통계에 포함하면 왜곡이 발생한다.


-- 0
-- COUNT(*) 는 없다는 뜻의 0 을 리턴할 수 있다.
SELECT COUNT(*) FROM tStaff WHERE depart = '비서실' ;

-- NULL
-- MAX, SUM 등은 대상이 하나도 없어 계산 자체를 할 수 없다.
SELECT MAX(salary) FROM tStaff WHERE depart = '비서실' ;
```



### 5-2 그룹핑


#### 4. HAVING

```
HAVING 은 GROUP BY 다음에 오며 통계 결과중 출력할 그룹의 조건을 지정한다.
즉, HAVING 은 GROUP BY문의 조건절이다.

SELECT depart, AVG(salary) FROM	tStaff GROUP BY	depart HAVING AVG(salary) >= 340 ORDER BY AVG(salary) ;
```	

```
SELECT depart, AVG(salary) FROM	tStaff WHERE salary > 300 GROUP BY depart ;

WHERE 절은 GROUP BY 앞에 나타나며, 통계 대상 레코드의 조건을 제한한다.
월급 300 초과 조건에 의해, 월급 300 이하의 직원은 평균에서 아예 제외되어 평균값이 더 높게 나타난다.
만약, 모든 직원의 월급이 300 이하이면 이 부서는 아예 결과셋에 나타나지도 않는다.

HAVING 절은 GROUP BY 다음에 나타나며 집계한 결과셋의 조건을 제한한다.
WHERE 와 HAVING 은 적용 시점과 제한 대상이 다르다.

SELECT depart, AVG(salary) FROM	tStaff 
WHERE salary > 300 
GROUP BY depart 
HAVING AVG(salary) >= 360 ORDER BY depart ;

1. 원본테이블 

2. WHERE
- 통계 대상 선정

3. GROUP BY, AVG
- 집계 

4. HAVING
- 출력대상 

5. ORDER BY
- 출력
```

#### SELECT ... FROM ... WHERE ... GROUP BY ... HAVING ... ORDER BY


### 쿼리문 비교
```
-- 효율적
SELECT depart, MAX(salary) FROM tStaff WHERE depart IN ('인사과', '영업부') GROUP BY depart ;

-- 비효율적
SELECT depart, MAX(salary) FROM tStaff GROUP BY depart HAVING depart IN ('인사과', '영업부') ;
```

#### p 160 까지 검토 완료
